{
  "loss": 1.5879009286873043,
  "auc": 0.4603174603174603,
  "f1": 0.47058823529411764,
  "sensitivity": 0.44444444444439507,
  "specificity": 0.4285714285713673
}