{
  "loss": 0.5131365497426225,
  "auc": 0.8979591836734693,
  "f1": 0.8235294117647058,
  "sensitivity": 0.9999999999998571,
  "specificity": 0.5714285714284898,
  "y_true": [
    0,
    0,
    0,
    1,
    0,
    1,
    1,
    1,
    0,
    1,
    0,
    0,
    1,
    1
  ],
  "y_prob": [
    0.490478515625,
    0.5927734375,
    0.358642578125,
    1.0,
    0.432861328125,
    0.5048828125,
    0.6328125,
    0.8251953125,
    0.70556640625,
    0.77685546875,
    0.66162109375,
    0.477294921875,
    1.0,
    0.94189453125
  ],
  "slide_id": [
    "463b70e3-adba-4205-8583-9326b1343ed7",
    "694ea2cb-023f-4ff5-83cb-1de1009dc1d3",
    "cb1a4e27-ecf1-41c7-9a4c-d2efcdef428c",
    "cc686db7-61a9-47f1-8cd9-a1b99559118b",
    "917d6fa7-a64b-4fd4-821e-c5fc3088efaf",
    "d8346a8e-5d58-4ee4-8b30-15aec7977f10",
    "4f384db3-7ee8-4613-bde3-d4924dc666b3",
    "f5c54700-cb25-4cb3-aea5-59a1625b694f",
    "aa2b2dfa-f278-4dbe-b2fc-70a9bfa11e52",
    "aab1db95-f841-4dd0-8e3d-0ca2deca6c00",
    "c0236e8b-daa3-49df-a088-f0cc20a41f1a",
    "e88e5339-e104-4473-9677-ccc7327e4a75",
    "4730b23e-aea1-49a2-ba63-2231fd88b592",
    "d8bf2e9c-6167-490c-9f1d-2de4af4fca38"
  ]
}