{
  "loss": 1.0290132636000635,
  "auc": 0.5714285714285714,
  "f1": 0.6363636363636364,
  "sensitivity": 0.7777777777776913,
  "specificity": 0.14285714285712245
}