{
  "loss": 0.9296705267042853,
  "auc": 0.8571428571428571,
  "f1": 0.6666666666666666,
  "sensitivity": 0.9999999999998571,
  "specificity": 0.0,
  "y_true": [
    0,
    0,
    0,
    1,
    0,
    1,
    1,
    1,
    0,
    1,
    0,
    0,
    1,
    1
  ],
  "y_prob": [
    0.5625,
    0.68505859375,
    0.8818359375,
    0.61181640625,
    0.9228515625,
    0.923828125,
    0.9560546875,
    0.9990234375,
    0.560546875,
    0.974609375,
    0.82666015625,
    0.951171875,
    0.95068359375,
    0.9560546875
  ],
  "slide_id": [
    "463b70e3-adba-4205-8583-9326b1343ed7",
    "694ea2cb-023f-4ff5-83cb-1de1009dc1d3",
    "cb1a4e27-ecf1-41c7-9a4c-d2efcdef428c",
    "cc686db7-61a9-47f1-8cd9-a1b99559118b",
    "917d6fa7-a64b-4fd4-821e-c5fc3088efaf",
    "d8346a8e-5d58-4ee4-8b30-15aec7977f10",
    "4f384db3-7ee8-4613-bde3-d4924dc666b3",
    "f5c54700-cb25-4cb3-aea5-59a1625b694f",
    "aa2b2dfa-f278-4dbe-b2fc-70a9bfa11e52",
    "aab1db95-f841-4dd0-8e3d-0ca2deca6c00",
    "c0236e8b-daa3-49df-a088-f0cc20a41f1a",
    "e88e5339-e104-4473-9677-ccc7327e4a75",
    "4730b23e-aea1-49a2-ba63-2231fd88b592",
    "d8bf2e9c-6167-490c-9f1d-2de4af4fca38"
  ]
}