{
  "loss": 0.7470896607046598,
  "auc": 0.8888888888888888,
  "f1": 0.8,
  "sensitivity": 0.6666666666665926,
  "specificity": 0.9999999999998571
}