{
  "loss": 0.1327017535721617,
  "auc": 1.0,
  "f1": 1.0,
  "sensitivity": 0.9999999999998571,
  "specificity": 0.9999999999998571,
  "y_true": [
    0,
    0,
    0,
    1,
    0,
    1,
    1,
    1,
    0,
    1,
    0,
    0,
    1,
    1
  ],
  "y_prob": [
    0.142822265625,
    0.076416015625,
    0.09722900390625,
    0.95458984375,
    0.13671875,
    0.8125,
    0.55419921875,
    0.99609375,
    0.0616455078125,
    0.98779296875,
    0.12176513671875,
    0.11474609375,
    0.876953125,
    0.93505859375
  ],
  "slide_id": [
    "463b70e3-adba-4205-8583-9326b1343ed7",
    "694ea2cb-023f-4ff5-83cb-1de1009dc1d3",
    "cb1a4e27-ecf1-41c7-9a4c-d2efcdef428c",
    "cc686db7-61a9-47f1-8cd9-a1b99559118b",
    "917d6fa7-a64b-4fd4-821e-c5fc3088efaf",
    "d8346a8e-5d58-4ee4-8b30-15aec7977f10",
    "4f384db3-7ee8-4613-bde3-d4924dc666b3",
    "f5c54700-cb25-4cb3-aea5-59a1625b694f",
    "aa2b2dfa-f278-4dbe-b2fc-70a9bfa11e52",
    "aab1db95-f841-4dd0-8e3d-0ca2deca6c00",
    "c0236e8b-daa3-49df-a088-f0cc20a41f1a",
    "e88e5339-e104-4473-9677-ccc7327e4a75",
    "4730b23e-aea1-49a2-ba63-2231fd88b592",
    "d8bf2e9c-6167-490c-9f1d-2de4af4fca38"
  ]
}